0,1,label
0.8832145357770887,10.155659382466494,1.0
0.5790635912742148,6.42104063150758,1.0
0.9233020993927419,10.34636957209262,1.0
0.5679676618501166,5.36725225436834,1.0
0.1600235105988899,2.6150993554424327,1.0
0.25578783522343235,3.4175118738127237,1.0
0.4947486435329882,4.694886734029943,1.0
0.371907490841682,3.712383328739308,1.0
0.7786543368256421,8.183568308683629,1.0
0.32125059947293727,2.901229619178987,1.0
-0.7887687039762526,8.674706077214973,1.0
0.5347947002041709,4.772614437247506,1.0
1.0790721858681283,13.280694419440527,1.0
0.21772219754556446,2.601533559657794,1.0
0.7936428370623194,9.067769732746035,1.0
0.26001087992618677,3.0225182908578043,1.0
-0.14383794155717275,1.6397343609482724,1.0
0.06525420397165829,2.3031348067133885,1.0
0.6764895317452649,7.242060578625019,1.0
0.04998896866394797,2.107907618031754,1.0
-0.20610281713212567,2.0748131300969863,1.0
-0.46083560324208284,5.079226593947335,1.0
0.0026125587717570346,2.0304028071792013,1.0
-0.2852055565679289,3.3145428149696072,1.0
-0.4250599486071943,3.9243656428658875,1.0
-0.14681270785887304,2.5653864049700448,1.0
0.002166020903856625,1.7427900377553005,1.0
0.18908506989853752,2.7234238567067655,1.0
0.22576200945259844,2.826831711384944,1.0
-0.04567189049577931,2.08037016632938,1.0
-0.060442811521944105,2.0972789939744985,1.0
-0.11493020083886499,1.6635031336807997,1.0
0.2687168494130613,2.766478364108996,1.0
-0.4313731048814352,4.2400623530076595,1.0
-0.15139514552975256,2.4493232661828093,1.0
0.4823755605190604,4.576816680391657,1.0
0.6412879875893533,5.834256846494367,1.0
0.35582624757664083,3.2008973768920668,1.0
-0.13725828567063236,2.164210858693376,1.0
0.07933622316019344,2.284695106562225,1.0
-0.25126059291901626,3.180207453719766,1.0
0.38035028740303856,3.051678790008942,1.0
0.7763975961527011,8.962206993619063,1.0
0.6565393647950848,6.440754785988301,1.0
-0.21470070710182645,3.069351334078637,1.0
0.043850239879812444,2.6926793752996203,1.0
0.2806645521523395,3.365976580704481,1.0
0.33802011214043964,3.6162305734427966,1.0
0.20406664053865703,3.308096605945386,1.0
0.24915284214734518,2.976461198498384,1.0
0.9293411288097759,10.314764497123804,1.0
-0.29205672407416017,3.4284170314257283,1.0
-0.25434874110532785,3.599694069354213,1.0
0.03980605758422124,1.926357218528717,1.0
0.9447522444280873,11.698968946623008,1.0
0.9233024751792541,11.075784193963447,1.0
-0.1335512735542937,3.1181244020324383,1.0
0.09620274075778552,2.6033396989908035,1.0
0.5668691095849931,5.353370723113343,1.0
0.43783191745999056,4.474136987540772,1.0
0.3457889813253034,2.9699041007859246,1.0
0.3155071481903361,3.7091546544433127,1.0
-0.06900497535505079,2.1896636579668645,1.0
0.03146575411390904,2.9261176991341626,1.0
0.46037863976517246,4.4772942101179956,1.0
-0.09818721343041005,2.5052576025451914,1.0
-0.06116791645297548,2.2497430622416865,1.0
-0.046262127231270204,2.483383332774422,1.0
0.4233126630325801,3.911262345698417,1.0
0.3533727403124898,3.0253820339902235,1.0
-0.3775615821454173,3.795703157267437,1.0
0.2645523671831984,3.145826167762468,1.0
1.1229880024649272,15.176815869196513,1.0
-0.15353452771932183,2.8683470601437184,1.0
-0.30964874860620484,2.9800525264025763,1.0
0.17357013990592438,3.1648407173989908,1.0
-0.08844230228012764,1.958142138637059,1.0
0.16186950125082217,2.2050533189868315,1.0
0.6363442163557538,5.831083942200565,1.0
-0.2444126981083267,2.6278086957728224,1.0
0.007112861259783654,2.9478104789936674,1.0
0.5677090973766279,5.456844642424318,1.0
-0.2746091356280286,3.2811221482794624,1.0
-0.18738173830608504,1.952831885353876,1.0
0.6601219600578719,6.68036136727531,1.0
0.5566470888711261,5.422002504669404,1.0
0.5318490690419834,4.7764931943276165,1.0
-0.20056053021654638,2.8662256846245233,1.0
-0.111159224952738,2.056502252360179,1.0
0.02357302002211583,2.2123265219106063,1.0
0.06289874770564303,1.7070461785039481,1.0
-0.04927233554844017,1.3631572924569528,1.0
0.4421510997353396,3.5345016879887994,1.0
-0.22772582814353215,2.73879397635971,1.0
-0.08643151684948122,2.872311054145548,1.0
-0.30072132803881024,3.2077615283322167,1.0
0.18478582992128162,2.0890573630404847,1.0
0.40266417916985137,3.754944803472628,1.0
0.4989131951610776,5.008085550441772,1.0
1.0378176805481305,13.488290429573803,1.0
-0.342983511007333,0.8836657314111338,-1.0
0.22589633013679675,0.5640740713389629,-1.0
0.04792187399583128,-0.8032793230438049,-1.0
-0.20942146746748475,-0.047264631671647364,-1.0
-0.09158566897117495,-0.15413413484211808,-1.0
0.15251077531118595,0.15545345231514587,-1.0
0.10454351019052814,-0.2713498841715708,-1.0
-0.5657824620559332,2.8422863804116405,-1.0
-0.20659197794309167,0.37364728925343604,-1.0
0.6750265939963025,4.340242901558507,-1.0
-0.5702359066798767,2.917691727132711,-1.0
-0.3795499489173119,1.4270586101745428,-1.0
-0.7967481176830141,6.172576895312836,-1.0
-0.13938527848875215,0.08420588724475489,-1.0
-0.43133951875249305,1.5683911146794816,-1.0
-0.7515364184474339,5.25700791326649,-1.0
-0.41024934559103243,1.6441807456146371,-1.0
-0.647787530362386,4.298843568731156,-1.0
0.3788113751979449,0.4332788269159661,-1.0
-0.034910703452090415,0.07435292681381075,-1.0
-0.4468782984219775,1.6431394239239157,-1.0
-0.25146442640287014,0.31700966580370954,-1.0
-0.31968020828816124,0.1728408727019975,-1.0
0.2462960959714157,0.8247521516290588,-1.0
-0.5150146230298209,1.884456919340232,-1.0
0.001807558879515936,-0.42296904911222927,-1.0
-0.14502177625171586,-0.11336220828534546,-1.0
0.06783180661519092,0.11508672620396412,-1.0
-0.48102265628412233,1.5780534024874615,-1.0
-0.8130694050951032,6.647217492032114,-1.0
-0.6604432106382054,3.9655632148025717,-1.0
-0.4309514340028507,1.6368321583904233,-1.0
-0.9499179441641251,8.896554642600274,-1.0
0.0029021210537431234,-0.1656700498778066,-1.0
-0.32040569655543605,0.8643210260394248,-1.0
-0.04545001489708471,-1.253163518604121,-1.0
0.5575215796497046,3.059385611974725,-1.0
-0.45267675745077185,1.697746876236933,-1.0
-0.008774631899974272,-0.2441969205811178,-1.0
-0.98648071251198,10.331016608622312,-1.0
-0.2428122124540189,0.7846888974412114,-1.0
-0.4680297535214325,2.585554776272247,-1.0
-0.08909956616286033,0.11519153004054783,-1.0
-0.6048248879654399,3.9272060047019353,-1.0
0.06716542631546032,0.34931482156419097,-1.0
-0.44325726584518926,1.5784690353582507,-1.0
0.6923031001179094,4.1822934615169896,-1.0
-0.252653092664902,0.8786519837121249,-1.0
-0.16215128275317067,0.28870737431447085,-1.0
-0.35470594379938347,1.201485094746058,-1.0
-0.7060156738143688,5.426772567515256,-1.0
-0.24576473789034523,0.14057117824979368,-1.0
0.05808905789039751,-0.34469261991646927,-1.0
-0.7167560839279028,4.415811391276638,-1.0
0.06869718664146988,-0.2146094923192256,-1.0
-0.25178239139578223,0.8513521073722149,-1.0
-0.6364177591391572,3.5672853646480904,-1.0
-0.34906330912505684,1.0549941511846728,-1.0
-0.2163329328533809,0.1568884465328228,-1.0
-0.2238678029003124,0.25960877695054074,-1.0
-0.4787015812718865,1.7766812085967119,-1.0
-0.09368027182736643,-0.45728999463617515,-1.0
-0.6482417644491745,3.8812235829858475,-1.0
-0.2610641727848675,1.3555702753215635,-1.0
-0.4729292432458966,2.4019439990652027,-1.0
0.08938479748550007,-0.5805799808909007,-1.0
0.09947959038855689,-0.5595531112978589,-1.0
-1.2298929792458484,15.161193946014716,-1.0
-0.8800534987416713,7.719587772555097,-1.0
-0.4649162815560624,2.6042127481420225,-1.0
0.21383191088169937,0.08164529434086157,-1.0
-0.4663983612409182,1.5050641573631123,-1.0
-0.37076860118351435,1.0661123398490653,-1.0
-0.34124520238983524,1.0251740237164326,-1.0
0.02406041261269181,-0.05879037656289419,-1.0
-0.49595166913952415,1.702826337887548,-1.0
0.32848091230705007,0.6119745765188996,-1.0
-0.4526322249386013,1.6469035578523357,-1.0
-0.9138177673658696,7.965510583778537,-1.0
-0.3857698979564344,1.5284478775097774,-1.0
0.07051129065322233,-0.14882111984101637,-1.0
0.16090332341351568,0.1905666669107404,-1.0
-0.20607365570700606,0.2869907273399649,-1.0
-0.27383978055370223,0.3969576949260335,-1.0
-0.30369275296115406,0.2854159718995868,-1.0
-0.09138539457279776,-0.5011222171733047,-1.0
0.12596238694046907,-0.1379496634157857,-1.0
-0.18083067603483566,0.3182594949802472,-1.0
0.049154620956305274,-0.7841380628665083,-1.0
-0.28013344920521555,0.9256393204532941,-1.0
-0.8576735558759021,7.306032367639777,-1.0
-1.0735762696775843,10.929644870469996,-1.0
-0.1850384516068149,-0.4992507143398486,-1.0
-0.5816866674559302,2.613554543732705,-1.0
0.43831991447425683,1.7848486104459451,-1.0
0.019710579858876677,-0.28235662600729405,-1.0
-0.33688352769575963,0.3088473511054369,-1.0
-0.3130281245723565,0.4849414022715609,-1.0
0.13227250710971314,0.41690701395998897,-1.0
0.3680034941321054,1.4844576632654038,-1.0
